latitude,longitude,brightness,scan,track,acq_date,acq_time,satellite,instrument,confidence,version,bright_t31,frp,daynight,type
32.6843,-115.6711,347.9,4.1,1.9,2011-01-10,2010,Aqua,MODIS,95,6.2,293.3,436.8,D,0
33.4856,-114.7188,340.2,1.3,1.1,2011-01-24,1845,Terra,MODIS,91,6.2,295.0,57.5,D,0
39.6624,-121.2156,340.2,1.7,1.3,2011-01-25,1926,Terra,MODIS,92,6.2,286.5,96.6,D,0
39.6604,-121.2025,357.6,1.7,1.3,2011-01-25,1926,Terra,MODIS,99,6.2,289.3,174.2,D,0
39.6586,-121.1972,365.6,1.7,1.3,2011-01-25,1926,Terra,MODIS,100,6.2,288.4,221.7,D,0
39.6699,-121.2032,359.6,1.0,1.0,2011-01-25,2107,Aqua,MODIS,99,6.2,290.3,88.6,D,0
33.0109,-115.5677,340.2,3.5,1.8,2011-01-27,1916,Terra,MODIS,91,6.2,295.2,251.3,D,0
33.0196,-115.6037,348.7,3.5,1.8,2011-01-27,1916,Terra,MODIS,95,6.2,297.6,349.8,D,0
32.8706,-115.4801,354.7,1.0,1.0,2011-01-27,2053,Aqua,MODIS,97,6.2,303.2,69.1,D,0
38.7146,-120.5027,338.9,1.8,1.3,2011-01-28,2138,Aqua,MODIS,91,6.2,284.1,105.6,D,0
33.1324,-115.48,402.2,1.3,1.1,2011-02-01,2111,Aqua,MODIS,100,6.2,310.9,390.7,D,0
33.1309,-115.494,367.4,1.3,1.1,2011-02-01,2111,Aqua,MODIS,100,6.2,307.4,152.4,D,0
39.4186,-122.2187,343.3,1.1,1.0,2011-02-10,2107,Aqua,MODIS,93,6.2,295.9,54.3,D,0
39.1009,-121.8347,349.9,1.1,1.0,2011-02-10,2107,Aqua,MODIS,96,6.2,297.9,65.4,D,0
39.4388,-120.7971,341.5,1.8,1.3,2011-02-13,2138,Aqua,MODIS,92,6.2,291.3,109.4,D,0
39.4404,-120.778,341.5,1.8,1.3,2011-02-13,2138,Aqua,MODIS,92,6.2,287.5,110.3,D,0
39.6067,-122.0796,349.3,1.5,1.2,2011-02-13,2138,Aqua,MODIS,96,6.2,298.7,104.4,D,0
32.7295,-115.4667,353.4,2.0,1.4,2011-02-15,2124,Aqua,MODIS,97,6.2,304.3,177.5,D,0
33.1462,-115.4376,358.3,2.1,1.4,2011-02-15,2124,Aqua,MODIS,99,6.2,302.2,211.9,D,0
33.1443,-115.4594,370.6,2.1,1.4,2011-02-15,2124,Aqua,MODIS,100,6.2,307.5,316.0,D,0
32.8025,-115.6421,401.6,1.0,1.0,2011-02-17,552,Terra,MODIS,100,6.2,294.0,267.3,N,0
32.8011,-115.6527,361.0,1.0,1.0,2011-02-17,552,Terra,MODIS,100,6.2,287.5,91.9,N,0
32.8111,-115.6515,326.7,2.3,1.5,2011-02-17,1010,Aqua,MODIS,100,6.2,283.1,93.0,N,0
32.8061,-115.6279,348.1,2.3,1.5,2011-02-17,1010,Aqua,MODIS,100,6.2,285.2,205.2,N,0
32.8567,-115.3551,342.8,1.3,1.1,2011-02-17,2111,Aqua,MODIS,91,6.2,297.4,67.3,D,0
32.8552,-115.3692,366.2,1.3,1.1,2011-02-17,2111,Aqua,MODIS,100,6.2,305.3,152.1,D,0
33.127,-115.4883,383.0,1.3,1.1,2011-02-17,2111,Aqua,MODIS,100,6.2,307.7,239.2,D,0
33.1255,-115.5023,347.4,1.3,1.1,2011-02-17,2111,Aqua,MODIS,94,6.2,304.9,74.9,D,0
33.1372,-115.4899,397.1,1.3,1.1,2011-02-17,2111,Aqua,MODIS,100,6.2,311.3,344.0,D,0
32.867,-115.541,365.8,1.3,1.1,2011-02-17,2111,Aqua,MODIS,100,6.2,304.4,141.7,D,0
32.8061,-115.6444,360.1,3.2,1.7,2011-02-18,2016,Aqua,MODIS,100,6.2,290.2,457.4,D,0
32.7976,-115.639,322.6,1.1,1.1,2011-02-19,540,Terra,MODIS,100,6.2,271.5,28.3,N,0
32.8069,-115.6412,343.0,1.1,1.1,2011-02-19,540,Terra,MODIS,100,6.2,272.3,62.5,N,0
39.5645,-122.0513,340.9,1.5,1.2,2011-03-01,2138,Aqua,MODIS,92,6.2,288.5,80.4,D,0
34.8281,-118.4402,370.7,1.4,1.2,2011-03-03,2124,Aqua,MODIS,100,6.2,298.2,190.8,D,0
32.7425,-115.7348,359.0,1.3,1.1,2011-03-05,2111,Aqua,MODIS,99,6.2,305.2,104.8,D,0
35.6486,-119.9979,334.3,1.0,1.0,2011-03-07,958,Aqua,MODIS,100,6.2,283.5,38.3,N,0
35.647,-119.987,317.4,1.0,1.0,2011-03-07,958,Aqua,MODIS,95,6.2,283.3,18.8,N,0
36.8743,-120.4381,339.5,1.0,1.0,2011-03-12,2119,Aqua,MODIS,91,6.2,296.5,41.6,D,0
33.2967,-116.8002,367.6,1.1,1.0,2011-03-16,2053,Aqua,MODIS,100,6.2,299.2,116.5,D,0
32.7967,-115.6344,319.3,1.6,1.3,2011-03-25,528,Terra,MODIS,98,6.2,285.8,40.1,N,0
32.7934,-115.6515,354.1,1.6,1.3,2011-03-25,528,Terra,MODIS,100,6.2,289.0,153.4,N,0
32.8078,-115.6374,400.0,1.6,1.3,2011-03-25,528,Terra,MODIS,100,6.2,289.8,530.4,N,0
32.8045,-115.6546,463.1,1.6,1.3,2011-03-25,528,Terra,MODIS,100,6.2,304.2,1870.2,N,0
32.8107,-115.6513,384.1,1.1,1.0,2011-03-25,946,Aqua,MODIS,100,6.2,289.2,187.4,N,0
32.8089,-115.6402,399.4,1.1,1.0,2011-03-25,946,Aqua,MODIS,100,6.2,296.2,272.7,N,0
32.8016,-115.6533,412.8,1.1,1.0,2011-03-25,946,Aqua,MODIS,100,6.2,291.2,369.2,N,0
32.7998,-115.6422,442.2,1.1,1.0,2011-03-25,946,Aqua,MODIS,100,6.2,304.6,669.8,N,0
38.1416,-121.5869,366.5,1.1,1.0,2011-04-04,2125,Aqua,MODIS,94,6.2,302.3,111.5,D,0
38.1618,-121.5782,394.3,1.1,1.0,2011-04-04,2125,Aqua,MODIS,100,6.2,302.8,244.0,D,0
39.8812,-121.6159,367.7,1.0,1.0,2011-04-06,2113,Aqua,MODIS,100,6.2,286.9,108.4,D,0
39.2933,-122.2096,385.5,1.0,1.0,2011-04-06,2113,Aqua,MODIS,100,6.2,303.5,169.6,D,0
39.8917,-121.6065,355.1,1.0,1.0,2011-04-06,2113,Aqua,MODIS,98,6.2,284.4,74.8,D,0
39.8829,-121.6043,357.7,1.0,1.0,2011-04-06,2113,Aqua,MODIS,99,6.2,285.4,79.8,D,0
39.2737,-122.2166,339.0,1.0,1.0,2011-04-06,2113,Aqua,MODIS,91,6.2,296.2,33.6,D,0
39.89,-121.6181,359.3,1.0,1.0,2011-04-06,2113,Aqua,MODIS,99,6.2,288.0,84.8,D,0
39.2879,-122.1841,337.5,1.0,1.0,2011-04-06,2113,Aqua,MODIS,91,6.2,300.2,32.3,D,0
39.3824,-121.9562,348.5,1.0,1.0,2011-04-10,1908,Terra,MODIS,95,6.2,298.7,55.0,D,0
38.8521,-121.7661,353.4,1.0,1.0,2011-04-10,1908,Terra,MODIS,97,6.2,299.8,67.9,D,0
38.7569,-121.5828,368.1,1.0,1.0,2011-04-10,1908,Terra,MODIS,94,6.2,297.5,113.1,D,0
39.5861,-122.1253,355.5,1.2,1.1,2011-04-11,2132,Aqua,MODIS,98,6.2,302.9,91.7,D,0
38.1724,-121.5723,349.6,1.3,1.1,2011-04-14,1844,Terra,MODIS,96,6.2,295.1,86.6,D,0
38.1708,-121.5572,340.9,1.3,1.1,2011-04-14,1844,Terra,MODIS,92,6.2,295.2,61.8,D,0
39.5288,-121.9231,341.5,1.0,1.0,2011-04-26,1908,Terra,MODIS,92,6.2,305.5,39.9,D,0
34.8281,-114.5916,359.4,1.0,1.0,2011-04-26,2047,Aqua,MODIS,99,6.2,314.6,68.8,D,0
41.9155,-121.3971,365.4,1.5,1.2,2011-04-26,2049,Aqua,MODIS,100,6.2,303.0,165.8,D,0
38.9419,-121.4574,341.1,2.0,1.4,2011-05-02,1832,Terra,MODIS,91,6.2,298.4,106.9,D,0
40.8627,-121.2078,358.6,1.1,1.1,2011-05-03,1914,Terra,MODIS,99,6.2,295.0,96.8,D,0
38.1576,-121.5654,345.7,1.5,1.2,2011-05-03,2054,Aqua,MODIS,93,6.2,306.3,76.5,D,0
38.7976,-121.4106,345.4,1.4,1.2,2011-05-03,2054,Aqua,MODIS,93,6.2,306.3,73.1,D,0
40.8613,-121.2048,377.4,1.3,1.1,2011-05-03,2055,Aqua,MODIS,100,6.2,301.2,199.7,D,0
40.8699,-121.2156,343.3,1.0,1.0,2011-05-05,1902,Terra,MODIS,92,6.2,304.1,41.8,D,0
36.2212,-119.311,344.5,1.2,1.1,2011-05-09,1839,Terra,MODIS,92,6.2,301.3,54.0,D,0
36.4253,-121.2352,341.3,1.0,1.0,2011-05-13,612,Terra,MODIS,100,6.2,287.7,48.0,N,0
36.4237,-121.2462,367.3,1.0,1.0,2011-05-13,612,Terra,MODIS,100,6.2,291.7,110.8,N,0
39.7102,-123.0773,360.7,1.1,1.1,2011-05-13,2131,Aqua,MODIS,100,6.2,286.5,102.9,D,0
34.21,-119.1283,351.0,1.1,1.0,2011-05-15,2117,Aqua,MODIS,95,6.2,302.5,61.9,D,0
32.8203,-114.4911,358.1,1.2,1.1,2011-05-19,534,Terra,MODIS,100,6.2,298.0,104.3,N,0
32.8182,-114.5035,374.8,1.2,1.1,2011-05-19,534,Terra,MODIS,100,6.2,300.2,170.7,N,0
32.8298,-114.4934,376.7,1.2,1.1,2011-05-19,534,Terra,MODIS,100,6.2,291.6,179.2,N,0
32.8278,-114.5056,388.9,1.2,1.1,2011-05-19,534,Terra,MODIS,100,6.2,293.8,246.7,N,0
32.826,-114.4939,348.7,1.0,1.0,2011-05-19,2052,Aqua,MODIS,92,6.2,308.9,44.5,D,0
32.8245,-114.5044,367.4,1.0,1.0,2011-05-19,2052,Aqua,MODIS,100,6.2,314.5,92.5,D,0
33.0869,-115.4937,365.3,2.3,1.5,2011-05-21,1904,Terra,MODIS,100,6.2,301.6,304.2,D,0
35.6522,-118.3448,357.3,2.8,1.6,2011-05-27,2142,Aqua,MODIS,98,6.2,300.4,319.0,D,0
35.6536,-118.3492,360.7,2.8,1.6,2011-05-27,2142,Aqua,MODIS,94,6.2,299.9,355.9,D,0
35.8102,-120.8291,347.0,2.2,1.4,2011-06-02,1928,Terra,MODIS,94,6.2,301.4,146.6,D,0
35.8089,-120.7941,355.8,1.1,1.0,2011-06-02,2105,Aqua,MODIS,96,6.2,308.7,67.4,D,0
33.7468,-117.5116,363.5,1.0,1.0,2011-06-02,2105,Aqua,MODIS,100,6.2,300.3,90.5,D,0
33.7453,-117.5224,367.3,1.0,1.0,2011-06-02,2105,Aqua,MODIS,100,6.2,300.5,103.0,D,0
41.6575,-121.4502,318.3,1.1,1.1,2011-06-09,555,Terra,MODIS,97,6.2,282.0,22.1,N,0
41.6525,-121.4218,369.7,1.1,1.1,2011-06-09,555,Terra,MODIS,100,6.2,288.2,137.3,N,0
41.632,-121.4289,337.2,1.1,1.1,2011-06-09,555,Terra,MODIS,100,6.2,287.0,47.6,N,0
41.6433,-121.4189,374.3,1.1,1.1,2011-06-09,555,Terra,MODIS,100,6.2,293.9,155.9,N,0
41.6504,-121.4346,378.0,1.1,1.1,2011-06-09,555,Terra,MODIS,100,6.2,292.5,171.1,N,0
41.6483,-121.4474,323.2,1.1,1.1,2011-06-09,555,Terra,MODIS,95,6.2,284.2,26.5,N,0
41.6412,-121.4318,336.3,1.1,1.1,2011-06-09,555,Terra,MODIS,92,6.2,286.9,44.5,N,0
32.6936,-115.2834,377.0,1.3,1.1,2011-06-09,2110,Aqua,MODIS,100,6.2,321.3,168.8,D,0
37.6598,-121.5313,358.9,1.0,1.0,2011-06-09,2112,Aqua,MODIS,99,6.2,318.1,63.5,D,0
37.6581,-121.5426,364.7,1.0,1.0,2011-06-09,2112,Aqua,MODIS,100,6.2,319.4,81.0,D,0
35.7719,-120.8053,347.9,1.9,1.4,2011-06-13,2047,Aqua,MODIS,93,6.2,315.4,107.0,D,0
41.5621,-121.0267,343.1,1.5,1.2,2011-06-13,2048,Aqua,MODIS,92,6.2,303.3,72.9,D,0
40.7457,-120.8231,349.2,1.1,1.0,2011-06-16,2119,Aqua,MODIS,94,6.2,304.7,58.1,D,0
32.7278,-115.7091,409.3,1.1,1.0,2011-06-18,2104,Aqua,MODIS,100,6.2,319.4,322.1,D,0
35.4854,-119.8664,349.8,1.5,1.2,2011-06-19,1832,Terra,MODIS,93,6.2,318.2,68.2,D,0
35.4746,-119.8679,348.7,1.5,1.2,2011-06-19,1832,Terra,MODIS,93,6.2,315.4,66.3,D,0
35.4395,-119.8986,371.0,2.8,1.6,2011-06-19,2148,Aqua,MODIS,100,6.2,311.2,453.1,D,0
35.4371,-119.9319,354.3,2.8,1.6,2011-06-19,2148,Aqua,MODIS,96,6.2,309.4,241.3,D,0
35.454,-119.8979,373.8,2.8,1.6,2011-06-19,2148,Aqua,MODIS,100,6.2,316.9,485.7,D,0
35.4515,-119.9319,378.0,2.8,1.6,2011-06-19,2148,Aqua,MODIS,100,6.2,314.5,552.5,D,0
35.4417,-119.9045,380.7,2.8,1.6,2011-06-19,2148,Aqua,MODIS,100,6.2,312.8,606.4,D,0
35.4561,-119.9037,381.8,2.8,1.6,2011-06-19,2148,Aqua,MODIS,100,6.2,317.6,622.9,D,0
35.4539,-119.9373,362.2,2.8,1.6,2011-06-19,2148,Aqua,MODIS,100,6.2,313.2,319.3,D,0
32.7953,-114.516,318.5,2.3,1.5,2011-06-21,617,Terra,MODIS,97,6.2,297.3,47.7,N,0
32.7933,-114.5402,337.9,2.3,1.5,2011-06-21,617,Terra,MODIS,100,6.2,297.1,128.1,N,0
32.7923,-114.5211,328.3,2.3,1.5,2011-06-21,617,Terra,MODIS,100,6.2,297.6,81.1,N,0
32.7904,-114.5453,321.7,2.3,1.5,2011-06-21,617,Terra,MODIS,100,6.2,295.5,58.6,N,0
32.6213,-116.0886,359.8,1.2,1.1,2011-06-21,1821,Terra,MODIS,99,6.2,323.5,87.0,D,0
35.7438,-118.8826,364.3,2.0,1.4,2011-06-21,2136,Aqua,MODIS,100,6.2,319.1,211.2,D,0
39.1921,-121.9263,349.4,1.1,1.0,2011-06-23,2124,Aqua,MODIS,94,6.2,312.0,54.1,D,0
32.8982,-115.6065,392.9,2.1,1.4,2011-06-24,2027,Aqua,MODIS,100,6.2,320.2,553.7,D,0
33.4555,-116.9619,358.1,2.5,1.5,2011-06-24,2028,Aqua,MODIS,98,6.2,311.1,257.3,D,0
33.4608,-116.9371,355.0,2.4,1.5,2011-06-24,2028,Aqua,MODIS,96,6.2,310.4,219.8,D,0
32.6786,-115.3552,363.6,1.3,1.1,2011-06-25,2110,Aqua,MODIS,100,6.2,321.5,100.2,D,0
32.677,-115.3689,477.4,1.3,1.1,2011-06-25,2110,Aqua,MODIS,100,6.2,340.1,1601.9,D,0
32.6755,-115.3825,364.3,1.3,1.1,2011-06-25,2110,Aqua,MODIS,100,6.2,327.2,99.6,D,0
37.8512,-119.7803,325.1,2.4,1.5,2011-06-26,637,Terra,MODIS,100,6.2,284.0,94.0,N,0
34.8293,-118.4359,349.6,2.6,1.6,2011-06-27,1921,Terra,MODIS,93,6.2,317.7,164.2,D,0
32.7489,-115.4751,343.8,4.6,2.0,2011-06-27,1922,Terra,MODIS,92,6.2,312.9,298.6,D,0
32.7491,-115.4827,343.5,4.6,2.0,2011-06-27,1922,Terra,MODIS,92,6.2,312.9,294.6,D,0
32.7974,-115.7354,381.1,1.5,1.2,2011-07-02,2116,Aqua,MODIS,100,6.2,323.2,238.1,D,0
32.6894,-115.3714,389.9,1.3,1.1,2011-07-08,2040,Aqua,MODIS,100,6.2,315.3,253.0,D,0
32.687,-115.3851,353.9,1.3,1.1,2011-07-08,2040,Aqua,MODIS,95,6.2,314.6,65.0,D,0
32.6994,-115.374,358.3,1.3,1.1,2011-07-08,2040,Aqua,MODIS,98,6.2,313.4,84.5,D,0
35.9149,-121.2584,325.1,1.3,1.1,2011-07-11,554,Terra,MODIS,100,6.2,291.7,36.3,N,0
37.8039,-119.868,315.1,1.1,1.0,2011-07-11,554,Terra,MODIS,91,6.2,288.9,17.0,N,0
36.268,-118.5093,357.5,1.1,1.0,2011-07-11,2111,Aqua,MODIS,98,6.2,311.8,71.6,D,0
37.7987,-119.865,365.2,1.0,1.0,2011-07-11,2112,Aqua,MODIS,100,6.2,305.2,98.1,D,0
37.8077,-119.8669,366.3,1.0,1.0,2011-07-11,2112,Aqua,MODIS,100,6.2,303.7,101.5,D,0
36.2656,-118.4993,367.5,1.0,1.0,2011-07-13,2059,Aqua,MODIS,100,6.2,305.9,104.3,D,0
36.2639,-118.5107,375.6,1.0,1.0,2011-07-13,2059,Aqua,MODIS,100,6.2,310.5,133.0,D,0
36.2844,-118.4986,376.3,1.6,1.2,2011-07-15,1909,Terra,MODIS,100,6.2,302.8,256.0,D,0
36.2806,-118.5012,391.4,1.4,1.2,2011-07-15,2047,Aqua,MODIS,100,6.2,309.3,314.5,D,0
36.2704,-118.4986,374.2,1.4,1.2,2011-07-15,2047,Aqua,MODIS,100,6.2,307.0,195.7,D,0
36.2908,-118.5037,367.6,1.4,1.2,2011-07-15,2047,Aqua,MODIS,100,6.2,300.8,161.7,D,0
36.2844,-118.503,320.4,1.2,1.1,2011-07-16,612,Terra,MODIS,100,6.2,284.4,27.2,N,0
36.2902,-118.5074,363.2,1.8,1.3,2011-07-16,2130,Aqua,MODIS,100,6.2,304.6,203.1,D,0
35.8805,-121.2121,360.0,1.2,1.1,2011-07-16,2130,Aqua,MODIS,100,6.2,311.8,96.1,D,0
35.8904,-121.2139,355.7,1.2,1.1,2011-07-16,2130,Aqua,MODIS,97,6.2,307.0,80.9,D,0
36.2768,-118.5248,359.2,1.8,1.3,2011-07-16,2130,Aqua,MODIS,99,6.2,306.6,175.3,D,0
36.2786,-118.5053,366.9,1.8,1.3,2011-07-16,2130,Aqua,MODIS,100,6.2,307.6,227.1,D,0
36.285,-118.5149,384.2,1.1,1.0,2011-07-17,1857,Terra,MODIS,100,6.2,313.9,186.5,D,0
36.283,-118.503,368.7,1.1,1.0,2011-07-17,1857,Terra,MODIS,100,6.2,311.9,118.0,D,0
34.1806,-119.0772,351.0,2.5,1.5,2011-07-17,2034,Aqua,MODIS,93,6.2,305.8,203.0,D,0
36.2879,-118.5128,382.4,2.1,1.4,2011-07-17,2035,Aqua,MODIS,100,6.2,307.5,458.0,D,0
36.2756,-118.5094,346.8,2.1,1.4,2011-07-17,2035,Aqua,MODIS,91,6.2,307.5,145.6,D,0
36.2872,-118.5038,325.2,1.0,1.0,2011-07-18,600,Terra,MODIS,96,6.2,288.3,24.0,N,0
36.286,-118.4956,380.7,1.2,1.1,2011-07-18,2118,Aqua,MODIS,100,6.2,316.7,181.6,D,0
36.2845,-118.5084,358.6,1.2,1.1,2011-07-18,2118,Aqua,MODIS,99,6.2,318.6,84.7,D,0
36.2942,-118.5104,372.9,1.2,1.1,2011-07-18,2118,Aqua,MODIS,100,6.2,318.0,142.9,D,0
36.2971,-118.4852,362.9,1.2,1.1,2011-07-18,2118,Aqua,MODIS,100,6.2,304.6,106.5,D,0
36.3053,-118.4996,362.8,1.2,1.1,2011-07-18,2118,Aqua,MODIS,100,6.2,307.3,107.9,D,0
36.2957,-118.4976,436.7,1.2,1.1,2011-07-18,2118,Aqua,MODIS,100,6.2,328.0,702.5,D,0
36.2763,-118.4938,362.9,1.2,1.1,2011-07-18,2118,Aqua,MODIS,100,6.2,314.6,103.7,D,0
36.2833,-118.5232,369.7,1.0,1.0,2011-07-19,1845,Terra,MODIS,100,6.2,313.2,100.4,D,0
36.2843,-118.547,377.7,3.2,1.7,2011-07-19,2023,Aqua,MODIS,100,6.2,305.8,771.7,D,0
36.2871,-118.5439,383.6,3.2,1.7,2011-07-19,2023,Aqua,MODIS,100,6.2,304.7,909.4,D,0
36.2947,-118.512,370.4,3.2,1.7,2011-07-19,2023,Aqua,MODIS,100,6.2,303.4,620.1,D,0
36.2917,-118.5164,385.9,3.2,1.7,2011-07-19,2023,Aqua,MODIS,100,6.2,306.6,956.2,D,0
36.272,-118.5405,355.6,3.2,1.7,2011-07-19,2023,Aqua,MODIS,97,6.2,305.5,390.7,D,0
36.2799,-118.5073,347.4,3.2,1.7,2011-07-19,2023,Aqua,MODIS,91,6.2,305.0,284.6,D,0
36.2953,-118.5327,319.9,1.2,1.1,2011-07-20,548,Terra,MODIS,99,6.2,286.7,23.9,N,0
36.2859,-118.5304,326.3,1.2,1.1,2011-07-20,548,Terra,MODIS,100,6.2,288.1,32.7,N,0
36.2852,-118.476,321.0,1.2,1.1,2011-07-20,548,Terra,MODIS,100,6.2,288.3,25.2,N,0
36.2902,-118.5222,325.3,1.1,1.0,2011-07-20,1002,Aqua,MODIS,100,6.2,285.5,29.8,N,0
36.2753,-118.477,361.0,3.0,1.7,2011-07-20,1927,Terra,MODIS,100,6.2,300.8,414.8,D,0
36.2871,-118.5306,358.5,1.0,1.0,2011-07-20,2105,Aqua,MODIS,99,6.2,316.1,66.5,D,0
36.2771,-118.4721,405.7,1.0,1.0,2011-07-20,2105,Aqua,MODIS,100,6.2,315.5,274.9,D,0
36.2756,-118.483,386.1,1.0,1.0,2011-07-20,2105,Aqua,MODIS,100,6.2,319.2,163.8,D,0
33.9898,-117.1665,351.7,1.0,1.0,2011-07-20,2105,Aqua,MODIS,93,6.2,321.7,42.8,D,0
36.2782,-118.5287,357.2,1.0,1.0,2011-07-20,2105,Aqua,MODIS,98,6.2,314.7,63.7,D,0
36.3024,-118.5151,346.8,3.5,1.8,2011-07-21,2148,Aqua,MODIS,91,6.2,304.7,309.1,D,0
33.2882,-116.536,318.7,1.5,1.2,2011-07-22,534,Terra,MODIS,97,6.2,290.3,30.8,N,0
33.304,-116.5239,383.3,1.1,1.0,2011-07-22,951,Aqua,MODIS,100,6.2,301.5,189.1,N,0
33.3021,-116.5124,367.2,1.1,1.0,2011-07-22,951,Aqua,MODIS,100,6.2,303.1,120.8,N,0
33.2948,-116.5263,361.9,1.1,1.0,2011-07-22,951,Aqua,MODIS,100,6.2,301.2,103.3,N,0
33.2929,-116.5144,369.8,1.1,1.0,2011-07-22,951,Aqua,MODIS,100,6.2,302.8,130.5,N,0
33.2909,-116.5025,327.0,1.1,1.0,2011-07-22,951,Aqua,MODIS,100,6.2,296.2,27.9,N,0
33.2875,-116.5398,325.0,1.1,1.0,2011-07-22,951,Aqua,MODIS,100,6.2,292.8,26.6,N,0
33.2856,-116.5284,342.0,1.1,1.0,2011-07-22,951,Aqua,MODIS,100,6.2,296.1,53.2,N,0
33.2837,-116.5167,323.4,1.1,1.0,2011-07-22,951,Aqua,MODIS,100,6.2,291.8,23.8,N,0
33.2806,-116.5026,369.1,1.1,1.0,2011-07-22,2052,Aqua,MODIS,100,6.2,320.0,99.5,D,0
33.301,-116.4786,351.1,1.1,1.0,2011-07-22,2052,Aqua,MODIS,93,6.2,314.3,45.4,D,0
33.2993,-116.4895,390.7,1.1,1.0,2011-07-22,2052,Aqua,MODIS,100,6.2,325.4,193.4,D,0
33.3085,-116.4911,449.0,1.1,1.0,2011-07-22,2052,Aqua,MODIS,100,6.2,335.8,735.3,D,0
33.2959,-116.4679,318.7,1.7,1.3,2011-07-23,617,Terra,MODIS,92,6.2,296.7,29.9,N,0
33.3209,-116.452,321.6,1.7,1.3,2011-07-23,617,Terra,MODIS,100,6.2,298.1,35.2,N,0
33.3188,-116.4737,334.1,1.7,1.3,2011-07-23,617,Terra,MODIS,100,6.2,296.8,71.6,N,0
33.3168,-116.4939,316.5,1.7,1.3,2011-07-23,617,Terra,MODIS,93,6.2,294.6,29.9,N,0
33.3306,-116.4732,328.7,1.7,1.3,2011-07-23,617,Terra,MODIS,100,6.2,296.6,56.2,N,0
33.3287,-116.4921,322.0,1.7,1.3,2011-07-23,617,Terra,MODIS,100,6.2,295.4,41.6,N,0
33.3171,-116.458,323.5,1.7,1.3,2011-07-23,617,Terra,MODIS,100,6.2,297.7,40.6,N,0
33.3152,-116.4792,322.7,1.7,1.3,2011-07-23,617,Terra,MODIS,100,6.2,295.2,40.9,N,0
33.3286,-116.4601,332.0,1.7,1.3,2011-07-23,617,Terra,MODIS,100,6.2,297.0,64.7,N,0
33.3269,-116.4789,336.3,1.7,1.3,2011-07-23,617,Terra,MODIS,100,6.2,297.6,80.5,N,0
33.3251,-116.4986,318.1,1.7,1.3,2011-07-23,617,Terra,MODIS,96,6.2,294.8,33.9,N,0
33.3271,-116.4594,333.7,4.2,1.9,2011-07-23,856,Aqua,MODIS,100,6.2,294.9,257.5,N,0
33.3222,-116.4626,324.1,4.2,1.9,2011-07-23,856,Aqua,MODIS,100,6.2,294.0,160.9,N,0
33.3395,-116.4747,359.6,1.3,1.1,2011-07-23,1821,Terra,MODIS,99,6.2,311.2,99.1,D,0
33.3322,-116.5019,384.2,1.3,1.1,2011-07-23,1821,Terra,MODIS,100,6.2,313.7,236.0,D,0
33.3308,-116.4891,393.6,1.3,1.1,2011-07-23,1821,Terra,MODIS,100,6.2,317.9,298.9,D,0
33.337,-116.4814,360.6,2.8,1.6,2011-07-23,2135,Aqua,MODIS,100,6.2,306.3,319.8,D,0
33.341,-116.4884,350.2,2.8,1.6,2011-07-23,2135,Aqua,MODIS,91,6.2,304.6,215.9,D,0
33.3488,-116.474,326.1,2.3,1.5,2011-07-24,522,Terra,MODIS,100,6.2,297.6,67.1,N,0
33.3513,-116.456,316.9,2.3,1.5,2011-07-24,522,Terra,MODIS,94,6.2,296.9,37.2,N,0
33.3464,-116.4794,322.2,2.3,1.5,2011-07-24,522,Terra,MODIS,100,6.2,297.5,56.2,N,0
33.3498,-116.4947,319.3,1.0,1.0,2011-07-24,939,Aqua,MODIS,98,6.2,296.0,15.5,N,0
36.3505,-118.567,333.0,1.1,1.0,2011-07-25,606,Terra,MODIS,100,6.2,285.7,38.2,N,0
36.2816,-118.5339,318.6,1.1,1.0,2011-07-25,606,Terra,MODIS,97,6.2,286.4,20.3,N,0
36.3414,-118.5649,325.2,1.1,1.0,2011-07-25,606,Terra,MODIS,100,6.2,286.1,26.6,N,0
36.2998,-118.5378,325.2,1.1,1.0,2011-07-25,606,Terra,MODIS,100,6.2,287.2,26.5,N,0
38.1984,-120.6157,353.4,1.2,1.1,2011-07-25,2124,Aqua,MODIS,96,6.2,310.1,73.5,D,0
38.1968,-120.629,345.6,1.2,1.1,2011-07-25,2124,Aqua,MODIS,91,6.2,310.2,51.0,D,0
38.7307,-119.7674,372.0,1.3,1.1,2011-07-25,2124,Aqua,MODIS,100,6.2,320.1,161.6,D,0
38.729,-119.7828,352.0,1.3,1.1,2011-07-25,2124,Aqua,MODIS,94,6.2,317.6,77.2,D,0
36.2758,-118.5307,358.5,1.4,1.2,2011-07-25,2124,Aqua,MODIS,99,6.2,311.1,118.4,D,0
36.2778,-118.6157,347.5,1.4,1.2,2011-07-25,2124,Aqua,MODIS,91,6.2,302.5,80.7,D,0
36.341,-118.5665,368.8,1.4,1.2,2011-07-25,2124,Aqua,MODIS,100,6.2,304.5,175.0,D,0
36.2969,-118.5346,357.5,1.4,1.2,2011-07-25,2124,Aqua,MODIS,98,6.2,308.3,112.4,D,0
36.3353,-118.5769,365.5,1.4,1.2,2011-07-25,2124,Aqua,MODIS,100,6.2,303.9,158.3,D,0
36.2864,-118.5326,372.6,1.4,1.2,2011-07-25,2124,Aqua,MODIS,100,6.2,312.9,189.3,D,0
36.3372,-118.5597,361.5,1.4,1.2,2011-07-25,2124,Aqua,MODIS,100,6.2,301.5,137.3,D,0
36.3249,-118.5741,389.6,1.4,1.2,2011-07-25,2124,Aqua,MODIS,100,6.2,308.3,313.5,D,0
33.3514,-116.5137,320.4,3.6,1.8,2011-07-26,510,Terra,MODIS,100,6.2,290.0,111.6,N,0
36.3028,-118.539,318.0,4.0,1.9,2011-07-26,511,Terra,MODIS,96,6.2,288.0,131.7,N,0
36.2989,-118.5399,323.5,1.9,1.4,2011-07-26,926,Aqua,MODIS,100,6.2,287.3,61.0,N,0
36.3021,-118.5323,322.3,1.9,1.4,2011-07-26,926,Aqua,MODIS,100,6.2,287.6,56.3,N,0
33.3528,-116.5164,358.5,1.3,1.1,2011-07-26,926,Aqua,MODIS,100,6.2,294.8,122.8,N,0
33.3513,-116.5033,361.8,1.3,1.1,2011-07-26,926,Aqua,MODIS,100,6.2,298.2,134.7,N,0
33.3549,-116.5094,361.5,1.3,1.1,2011-07-26,926,Aqua,MODIS,100,6.2,298.8,134.7,N,0
33.3447,-116.5108,318.8,1.3,1.1,2011-07-26,926,Aqua,MODIS,97,6.2,292.1,24.0,N,0
36.29,-118.5413,349.8,1.0,1.0,2011-07-26,1851,Terra,MODIS,94,6.2,305.4,54.5,D,0
36.3006,-118.5505,369.6,1.0,1.0,2011-07-26,1851,Terra,MODIS,100,6.2,303.1,108.9,D,0
36.3229,-118.5733,363.0,1.0,1.0,2011-07-26,1851,Terra,MODIS,100,6.2,304.3,89.6,D,0
36.3212,-118.5622,354.6,1.0,1.0,2011-07-26,1851,Terra,MODIS,97,6.2,301.0,67.3,D,0
36.3318,-118.5714,358.9,1.0,1.0,2011-07-26,1851,Terra,MODIS,99,6.2,305.8,76.6,D,0
36.2824,-118.6122,346.0,1.0,1.0,2011-07-26,1851,Terra,MODIS,91,6.2,306.0,44.6,D,0
33.3505,-116.518,348.7,1.3,1.1,2011-07-26,1851,Terra,MODIS,92,6.2,311.6,62.4,D,0
36.2989,-118.5392,365.0,1.0,1.0,2011-07-26,1851,Terra,MODIS,100,6.2,307.1,92.9,D,0
32.8005,-114.5632,356.5,1.8,1.3,2011-07-26,2028,Aqua,MODIS,97,6.2,314.7,121.2,D,0
36.2949,-118.5472,353.6,2.6,1.5,2011-07-26,2029,Aqua,MODIS,96,6.2,301.4,250.2,D,0
36.2919,-118.5412,328.0,1.0,1.0,2011-07-27,554,Terra,MODIS,100,6.2,289.5,30.5,N,0
36.3279,-118.5495,326.7,1.0,1.0,2011-07-27,554,Terra,MODIS,95,6.2,287.8,26.8,N,0
36.3082,-118.5564,340.6,1.0,1.0,2011-07-27,554,Terra,MODIS,100,6.2,288.4,47.6,N,0
36.3369,-118.5515,355.6,1.0,1.0,2011-07-27,554,Terra,MODIS,100,6.2,293.6,80.0,N,0
36.2975,-118.565,327.7,1.0,1.0,2011-07-27,554,Terra,MODIS,100,6.2,287.5,29.1,N,0
36.2904,-118.6103,327.6,1.0,1.0,2011-07-27,554,Terra,MODIS,99,6.2,285.6,28.7,N,0
36.3009,-118.5434,328.6,1.0,1.0,2011-07-27,554,Terra,MODIS,100,6.2,289.9,30.4,N,0
36.3441,-118.5647,317.9,1.0,1.0,2011-07-27,554,Terra,MODIS,96,6.2,285.8,18.6,N,0
36.3261,-118.5607,338.0,1.0,1.0,2011-07-27,554,Terra,MODIS,100,6.2,290.0,42.2,N,0
36.294,-118.5873,331.7,1.0,1.0,2011-07-27,554,Terra,MODIS,100,6.2,286.1,34.1,N,0
36.3351,-118.5628,350.5,1.0,1.0,2011-07-27,554,Terra,MODIS,100,6.2,292.2,67.1,N,0
36.3244,-118.5718,328.0,1.0,1.0,2011-07-27,554,Terra,MODIS,100,6.2,289.0,28.7,N,0
36.3065,-118.5673,320.4,1.0,1.0,2011-07-27,554,Terra,MODIS,100,6.2,285.6,20.1,N,0
36.3296,-118.5382,316.4,1.0,1.0,2011-07-27,554,Terra,MODIS,91,6.2,286.3,17.0,N,0
36.2992,-118.5542,329.6,1.0,1.0,2011-07-27,554,Terra,MODIS,100,6.2,289.0,31.4,N,0
36.3099,-118.5454,347.4,1.0,1.0,2011-07-27,554,Terra,MODIS,100,6.2,290.0,61.4,N,0
36.3334,-118.5738,333.3,1.0,1.0,2011-07-27,554,Terra,MODIS,100,6.2,288.6,36.4,N,0
36.2903,-118.5949,378.0,1.0,1.0,2011-07-27,2111,Aqua,MODIS,100,6.2,308.8,142.3,D,0
36.3252,-118.5418,379.4,1.1,1.0,2011-07-27,2111,Aqua,MODIS,100,6.2,301.5,153.7,D,0
36.2813,-118.5927,395.3,1.0,1.0,2011-07-27,2111,Aqua,MODIS,100,6.2,315.7,230.8,D,0
36.2857,-118.5581,482.6,1.1,1.0,2011-07-27,2111,Aqua,MODIS,100,6.2,400.1,1314.1,D,0
36.3161,-118.5398,372.2,1.1,1.0,2011-07-27,2111,Aqua,MODIS,100,6.2,299.5,123.2,D,0
36.3222,-118.5651,378.7,1.1,1.0,2011-07-27,2111,Aqua,MODIS,100,6.2,304.9,147.6,D,0
36.2918,-118.5835,367.4,1.1,1.0,2011-07-27,2111,Aqua,MODIS,100,6.2,306.0,103.4,D,0
36.2948,-118.5599,411.8,1.1,1.0,2011-07-27,2111,Aqua,MODIS,100,6.2,311.2,343.8,D,0
36.2873,-118.5458,492.6,1.1,1.0,2011-07-27,2111,Aqua,MODIS,100,6.2,341.3,1534.7,D,0
36.2842,-118.5698,369.7,1.1,1.0,2011-07-27,2111,Aqua,MODIS,100,6.2,310.7,112.2,D,0
36.3131,-118.5632,351.7,1.1,1.0,2011-07-27,2111,Aqua,MODIS,94,6.2,298.4,59.9,D,0
36.2828,-118.5811,414.5,1.1,1.0,2011-07-27,2111,Aqua,MODIS,100,6.2,319.3,365.7,D,0
36.3328,-118.5552,357.7,1.1,1.0,2011-07-27,2111,Aqua,MODIS,98,6.2,298.5,78.2,D,0
36.3206,-118.5768,349.8,1.1,1.0,2011-07-27,2111,Aqua,MODIS,92,6.2,300.2,55.8,D,0
36.2933,-118.5721,359.5,1.1,1.0,2011-07-27,2111,Aqua,MODIS,99,6.2,304.2,79.1,D,0
36.3237,-118.5533,399.9,1.1,1.0,2011-07-27,2111,Aqua,MODIS,100,6.2,307.2,261.2,D,0
36.3146,-118.5513,364.1,1.1,1.0,2011-07-27,2111,Aqua,MODIS,100,6.2,299.0,93.0,D,0
36.2964,-118.5477,410.9,1.1,1.0,2011-07-27,2111,Aqua,MODIS,100,6.2,306.3,332.9,D,0
36.3039,-118.5618,406.6,1.1,1.0,2011-07-27,2111,Aqua,MODIS,100,6.2,311.3,303.6,D,0
36.3055,-118.5496,411.5,1.1,1.0,2011-07-27,2111,Aqua,MODIS,100,6.2,311.1,340.8,D,0
36.2735,-118.525,363.0,1.1,1.0,2011-07-27,2111,Aqua,MODIS,100,6.2,314.5,82.3,D,0
36.2767,-118.5559,353.0,1.1,1.0,2011-07-27,2111,Aqua,MODIS,95,6.2,306.6,59.1,D,0
36.2782,-118.5438,350.6,1.1,1.0,2011-07-27,2111,Aqua,MODIS,93,6.2,309.0,53.5,D,0
36.2798,-118.6043,383.0,1.0,1.0,2011-07-27,2111,Aqua,MODIS,100,6.2,313.9,165.3,D,0
36.3129,-118.5569,348.8,1.1,1.0,2011-07-28,1838,Terra,MODIS,93,6.2,307.2,51.4,D,0
36.3222,-118.5553,357.6,1.1,1.0,2011-07-28,1838,Terra,MODIS,98,6.2,308.4,76.5,D,0
36.2772,-118.5757,393.4,1.1,1.0,2011-07-28,1839,Terra,MODIS,100,6.2,307.9,235.1,D,0
36.2742,-118.552,346.5,1.1,1.0,2011-07-28,1839,Terra,MODIS,91,6.2,307.7,48.1,D,0
36.2787,-118.5876,416.8,1.1,1.0,2011-07-28,1839,Terra,MODIS,100,6.2,312.2,411.1,D,0
36.2864,-118.5732,370.0,1.1,1.0,2011-07-28,1839,Terra,MODIS,100,6.2,306.6,120.2,D,0
36.282,-118.539,360.7,1.1,1.0,2011-07-28,1839,Terra,MODIS,100,6.2,309.7,80.9,D,0
36.2879,-118.5853,402.7,1.1,1.0,2011-07-28,1839,Terra,MODIS,100,6.2,313.5,296.6,D,0
36.2808,-118.5807,374.5,4.1,1.9,2011-07-28,2016,Aqua,MODIS,100,6.2,297.9,957.1,D,0
36.2858,-118.5844,360.3,4.1,1.9,2011-07-28,2016,Aqua,MODIS,100,6.2,294.9,613.3,D,0
36.2867,-118.5845,353.6,4.4,1.9,2011-07-28,2154,Aqua,MODIS,96,6.2,298.2,523.2,D,0
36.2864,-118.5789,351.8,4.4,1.9,2011-07-28,2154,Aqua,MODIS,95,6.2,298.1,499.0,D,0
36.2829,-118.5782,336.0,1.4,1.2,2011-07-29,541,Terra,MODIS,100,6.2,293.5,58.3,N,0
36.2684,-118.5835,349.7,2.8,1.6,2011-07-30,2142,Aqua,MODIS,93,6.2,296.9,246.2,D,0
36.2587,-118.5496,389.7,2.8,1.6,2011-07-30,2142,Aqua,MODIS,94,6.2,300.7,851.9,D,0
36.2568,-118.5439,364.2,2.8,1.6,2011-07-30,2142,Aqua,MODIS,94,6.2,299.2,414.0,D,0
35.2986,-118.1515,315.3,2.1,1.4,2011-07-31,529,Terra,MODIS,91,6.2,292.1,36.2,N,0
36.2612,-118.5374,317.0,2.1,1.4,2011-07-31,529,Terra,MODIS,94,6.2,282.7,50.3,N,0
36.2738,-118.5396,321.2,2.1,1.4,2011-07-31,529,Terra,MODIS,100,6.2,282.0,62.7,N,0
36.2766,-118.5249,317.3,1.1,1.0,2011-07-31,944,Aqua,MODIS,95,6.2,287.1,18.8,N,0
36.2705,-118.5208,318.0,1.1,1.0,2011-07-31,944,Aqua,MODIS,96,6.2,287.8,21.3,N,0
36.272,-118.5326,325.0,1.1,1.0,2011-07-31,944,Aqua,MODIS,100,6.2,289.8,28.2,N,0
36.2781,-118.5368,324.7,1.1,1.0,2011-07-31,944,Aqua,MODIS,100,6.2,288.7,26.7,N,0
36.2643,-118.5461,329.5,1.1,1.0,2011-07-31,944,Aqua,MODIS,100,6.2,288.0,34.8,N,0
36.2735,-118.544,316.7,1.1,1.0,2011-07-31,944,Aqua,MODIS,94,6.2,289.5,19.4,N,0
35.9052,-121.1802,358.1,1.2,1.1,2011-08-01,2130,Aqua,MODIS,98,6.2,319.3,79.2,D,0
35.9037,-121.1938,353.9,1.2,1.1,2011-08-01,2130,Aqua,MODIS,96,6.2,323.0,63.4,D,0
35.9135,-121.1958,349.2,1.2,1.1,2011-08-01,2130,Aqua,MODIS,92,6.2,320.9,49.1,D,0
35.9234,-121.1976,353.3,1.2,1.1,2011-08-01,2130,Aqua,MODIS,95,6.2,320.9,62.4,D,0
39.0715,-121.9209,351.0,1.2,1.1,2011-08-01,2131,Aqua,MODIS,95,6.2,311.1,69.3,D,0
36.0472,-119.4912,362.4,1.0,1.0,2011-08-02,1857,Terra,MODIS,100,6.2,314.1,79.7,D,0
36.2657,-118.5392,317.1,1.0,1.0,2011-08-03,600,Terra,MODIS,94,6.2,287.9,16.2,N,0
36.2632,-118.5449,365.5,1.2,1.1,2011-08-03,2118,Aqua,MODIS,100,6.2,312.5,113.9,D,0
36.2648,-118.5313,357.9,1.2,1.1,2011-08-03,2118,Aqua,MODIS,98,6.2,312.0,85.8,D,0
39.831,-123.0919,360.1,1.0,1.0,2011-08-03,2119,Aqua,MODIS,100,6.2,316.2,74.5,D,0
39.8327,-123.0803,371.9,1.0,1.0,2011-08-03,2119,Aqua,MODIS,100,6.2,314.4,111.5,D,0
36.2634,-118.5049,324.3,1.2,1.1,2011-08-05,548,Terra,MODIS,100,6.2,287.7,30.1,N,0
36.2658,-118.5194,353.4,3.0,1.6,2011-08-05,1927,Terra,MODIS,96,6.2,302.6,325.9,D,0
36.2556,-118.5128,427.1,1.0,1.0,2011-08-05,2105,Aqua,MODIS,100,6.2,335.3,443.6,D,0
36.2572,-118.5019,381.6,1.0,1.0,2011-08-05,2105,Aqua,MODIS,100,6.2,315.0,147.2,D,0
36.2614,-118.5367,355.7,1.0,1.0,2011-08-05,2105,Aqua,MODIS,97,6.2,312.7,61.6,D,0
36.2541,-118.5238,351.7,1.0,1.0,2011-08-05,2105,Aqua,MODIS,94,6.2,316.0,51.2,D,0
36.2525,-118.5347,361.4,1.0,1.0,2011-08-05,2105,Aqua,MODIS,100,6.2,313.9,76.5,D,0
36.2609,-118.5288,362.6,1.3,1.1,2011-08-06,1832,Terra,MODIS,100,6.2,310.5,117.1,D,0
36.2552,-118.5364,367.8,1.9,1.4,2011-08-07,1915,Terra,MODIS,100,6.2,304.0,269.7,D,0
33.9228,-116.7187,355.3,1.1,1.0,2011-08-07,2052,Aqua,MODIS,96,6.2,330.3,48.7,D,0
36.2549,-118.5375,376.2,1.2,1.1,2011-08-07,2053,Aqua,MODIS,100,6.2,315.6,158.2,D,0
36.2455,-118.5352,351.2,1.2,1.1,2011-08-07,2053,Aqua,MODIS,94,6.2,313.2,68.3,D,0
37.6691,-119.6816,321.1,1.0,1.0,2011-08-10,606,Terra,MODIS,100,6.2,287.6,20.6,N,0
37.6676,-119.6928,319.2,1.0,1.0,2011-08-10,606,Terra,MODIS,98,6.2,289.3,18.3,N,0
37.674,-119.6875,318.2,1.1,1.0,2011-08-12,554,Terra,MODIS,96,6.2,289.7,19.2,N,0
37.672,-119.7,319.9,1.1,1.0,2011-08-12,554,Terra,MODIS,99,6.2,290.1,20.6,N,0
36.3074,-118.5751,356.7,1.1,1.0,2011-08-12,2111,Aqua,MODIS,98,6.2,304.5,69.4,D,0
39.592,-121.9177,345.6,1.0,1.0,2011-08-12,2112,Aqua,MODIS,92,6.2,311.4,44.9,D,0
33.1064,-115.7965,351.8,1.1,1.1,2011-08-16,2046,Aqua,MODIS,93,6.2,323.5,46.8,D,0
41.9084,-120.1224,358.9,1.0,1.0,2011-08-18,1855,Terra,MODIS,99,6.2,320.0,70.4,D,0
41.8986,-120.1186,371.9,1.0,1.0,2011-08-18,1855,Terra,MODIS,100,6.2,322.2,110.4,D,0
41.9003,-120.1305,377.0,1.0,1.0,2011-08-18,1855,Terra,MODIS,100,6.2,314.9,130.3,D,0
41.903,-120.1261,374.1,1.9,1.3,2011-08-18,2036,Aqua,MODIS,94,6.2,325.1,289.4,D,0
41.9148,-120.1291,419.0,1.9,1.3,2011-08-18,2036,Aqua,MODIS,94,6.2,317.9,929.5,D,0
36.3148,-118.5729,319.7,1.2,1.1,2011-08-21,547,Terra,MODIS,99,6.2,285.9,25.1,N,0
36.3128,-118.5848,329.0,1.2,1.1,2011-08-21,547,Terra,MODIS,100,6.2,286.3,37.7,N,0
36.3067,-118.5901,353.4,1.0,1.0,2011-08-21,2105,Aqua,MODIS,96,6.2,304.4,58.7,D,0
36.3244,-118.594,362.7,1.0,1.0,2011-08-21,2105,Aqua,MODIS,100,6.2,304.2,85.5,D,0
36.3098,-118.5682,351.2,1.0,1.0,2011-08-21,2105,Aqua,MODIS,94,6.2,305.8,52.2,D,0
36.3082,-118.5791,367.6,1.0,1.0,2011-08-21,2105,Aqua,MODIS,100,6.2,306.4,96.6,D,0
34.2506,-117.4333,359.4,3.9,1.8,2011-08-22,2148,Aqua,MODIS,99,6.2,302.8,546.8,D,0
34.2407,-117.4391,361.3,3.9,1.8,2011-08-22,2148,Aqua,MODIS,100,6.2,306.3,587.4,D,0
37.6514,-119.8453,357.0,1.9,1.3,2011-08-25,2041,Aqua,MODIS,98,6.2,305.2,168.0,D,0
37.647,-119.8666,446.2,1.9,1.3,2011-08-25,2041,Aqua,MODIS,100,6.2,327.3,1629.0,D,0
37.6427,-119.8873,367.2,1.9,1.3,2011-08-25,2041,Aqua,MODIS,100,6.2,312.7,240.7,D,0
37.6624,-119.8521,357.1,1.9,1.3,2011-08-25,2041,Aqua,MODIS,98,6.2,308.9,168.8,D,0
37.6584,-119.8719,387.9,1.9,1.3,2011-08-25,2041,Aqua,MODIS,100,6.2,317.3,444.4,D,0
32.7742,-114.5556,315.6,1.4,1.2,2011-08-26,605,Terra,MODIS,91,6.2,297.7,16.4,N,0
37.6758,-119.8428,319.5,1.0,1.0,2011-08-26,606,Terra,MODIS,99,6.2,296.3,16.0,N,0
37.6727,-119.8656,322.7,1.0,1.0,2011-08-26,606,Terra,MODIS,100,6.2,296.3,18.7,N,0
37.6555,-119.8553,321.4,1.0,1.0,2011-08-26,606,Terra,MODIS,100,6.2,296.2,17.1,N,0
35.9589,-121.3095,405.1,1.1,1.0,2011-08-26,2123,Aqua,MODIS,100,6.2,329.4,286.6,D,0
37.6465,-119.8758,363.1,1.3,1.1,2011-08-26,2124,Aqua,MODIS,100,6.2,314.7,109.9,D,0
39.1711,-121.9659,359.3,1.1,1.0,2011-08-26,2124,Aqua,MODIS,99,6.2,316.4,78.3,D,0
37.7042,-119.8412,357.3,1.0,1.0,2011-08-27,1850,Terra,MODIS,98,6.2,300.0,72.1,D,0
35.3575,-115.7736,315.8,1.0,1.0,2011-08-28,553,Terra,MODIS,92,6.2,291.6,13.8,N,0
38.3126,-121.9811,322.3,1.3,1.1,2011-08-28,554,Terra,MODIS,100,6.2,293.6,30.5,N,0
37.7013,-119.8328,325.6,1.1,1.0,2011-08-28,554,Terra,MODIS,100,6.2,294.4,24.8,N,0
37.7055,-119.8272,321.8,1.1,1.0,2011-08-28,1008,Aqua,MODIS,98,6.2,292.4,20.3,N,0
35.3436,-115.7777,368.4,1.3,1.1,2011-08-28,2111,Aqua,MODIS,100,6.2,320.8,129.3,D,0
33.3787,-117.0833,360.4,1.0,1.0,2011-08-29,1839,Terra,MODIS,100,6.2,313.0,70.3,D,0
33.3771,-117.0727,391.6,1.0,1.0,2011-08-29,1839,Terra,MODIS,100,6.2,316.7,189.2,D,0
33.265,-114.7217,435.7,2.8,1.6,2011-08-29,2015,Aqua,MODIS,100,6.2,326.3,2314.5,D,0
33.2867,-114.7129,344.0,1.0,1.0,2011-08-30,540,Terra,MODIS,100,6.2,313.0,45.3,N,0
33.285,-114.7239,350.9,1.0,1.0,2011-08-30,540,Terra,MODIS,100,6.2,312.8,59.7,N,0
33.2957,-114.7149,417.2,1.0,1.0,2011-08-30,540,Terra,MODIS,100,6.2,331.9,389.3,N,0
33.294,-114.726,449.8,1.0,1.0,2011-08-30,540,Terra,MODIS,100,6.2,328.9,748.4,N,0
33.3048,-114.717,408.8,1.0,1.0,2011-08-30,540,Terra,MODIS,100,6.2,318.5,323.2,N,0
33.3031,-114.728,376.5,1.0,1.0,2011-08-30,540,Terra,MODIS,100,6.2,308.3,140.8,N,0
33.3051,-114.7309,334.3,1.6,1.2,2011-08-30,957,Aqua,MODIS,100,6.2,302.6,59.0,N,0
33.3019,-114.7143,343.2,1.6,1.2,2011-08-30,957,Aqua,MODIS,100,6.2,307.5,87.3,N,0
33.291,-114.7173,318.5,1.6,1.2,2011-08-30,957,Aqua,MODIS,97,6.2,302.9,23.4,N,0
39.6138,-121.9611,387.4,1.2,1.1,2011-08-30,2100,Aqua,MODIS,94,6.2,319.5,240.6,D,0
33.2516,-114.7237,317.1,2.9,1.6,2011-08-31,623,Terra,MODIS,94,6.2,300.6,46.3,N,0
33.2618,-114.7054,385.5,1.0,1.0,2011-08-31,1827,Terra,MODIS,100,6.2,328.8,145.3,D,0
39.6191,-121.9558,346.1,1.0,1.0,2011-09-01,1908,Terra,MODIS,93,6.2,310.6,46.2,D,0
41.137,-122.9842,331.4,1.0,1.0,2011-09-02,613,Terra,MODIS,100,6.2,287.6,32.7,N,0
41.1394,-122.9768,324.1,1.1,1.0,2011-09-02,1025,Aqua,MODIS,100,6.2,287.0,28.6,N,0
34.3409,-117.4475,365.2,1.9,1.4,2011-09-02,2129,Aqua,MODIS,100,6.2,320.8,215.4,D,0
34.3549,-117.4287,356.1,2.0,1.4,2011-09-02,2129,Aqua,MODIS,97,6.2,316.7,148.2,D,0
34.353,-117.4503,413.0,1.9,1.4,2011-09-02,2129,Aqua,MODIS,100,6.2,331.2,849.7,D,0
34.3652,-117.4517,393.1,1.9,1.4,2011-09-02,2129,Aqua,MODIS,100,6.2,318.9,517.8,D,0
34.8447,-120.0541,359.4,2.8,1.6,2011-09-03,2034,Aqua,MODIS,99,6.2,307.6,343.6,D,0
34.8474,-120.0622,352.7,2.8,1.6,2011-09-03,2034,Aqua,MODIS,95,6.2,307.1,268.8,D,0
41.13,-122.9885,333.3,1.1,1.1,2011-09-04,601,Terra,MODIS,100,6.2,294.0,40.6,N,0
41.1309,-122.9946,323.9,1.0,1.0,2011-09-04,1013,Aqua,MODIS,100,6.2,291.3,22.7,N,0
41.1292,-122.9826,322.8,1.0,1.0,2011-09-04,1013,Aqua,MODIS,100,6.2,291.3,21.8,N,0
36.3158,-118.5851,376.1,1.2,1.1,2011-09-04,2117,Aqua,MODIS,100,6.2,303.1,167.1,D,0
35.0628,-118.4279,379.2,1.2,1.1,2011-09-04,2117,Aqua,MODIS,100,6.2,310.6,171.8,D,0
35.0515,-118.4404,393.4,1.2,1.1,2011-09-04,2117,Aqua,MODIS,100,6.2,314.2,253.6,D,0
36.0195,-118.9644,349.3,1.1,1.1,2011-09-04,2117,Aqua,MODIS,93,6.2,321.3,48.6,D,0
35.0531,-118.4267,384.7,1.2,1.1,2011-09-04,2117,Aqua,MODIS,100,6.2,311.6,199.8,D,0
35.0612,-118.4413,385.4,1.2,1.1,2011-09-04,2117,Aqua,MODIS,100,6.2,314.4,205.8,D,0
41.1215,-122.9955,364.7,1.0,1.0,2011-09-04,2119,Aqua,MODIS,100,6.2,308.6,92.3,D,0
35.0395,-118.3842,336.5,3.5,1.8,2011-09-05,642,Terra,MODIS,100,6.2,274.0,236.0,N,0
35.0552,-118.3859,324.8,3.5,1.8,2011-09-05,642,Terra,MODIS,100,6.2,266.1,141.2,N,0
35.037,-118.4287,361.3,3.4,1.7,2011-09-05,642,Terra,MODIS,100,6.2,283.6,550.1,N,0
35.0527,-118.4295,329.4,3.4,1.7,2011-09-05,642,Terra,MODIS,100,6.2,269.2,174.2,N,0
35.0407,-118.4039,370.0,2.3,1.5,2011-09-05,919,Aqua,MODIS,100,6.2,284.2,385.5,N,0
35.0389,-118.3815,389.7,2.3,1.5,2011-09-05,919,Aqua,MODIS,100,6.2,297.5,653.3,N,0
35.9565,-118.4906,360.8,1.0,1.0,2011-09-05,1844,Terra,MODIS,100,6.2,310.7,77.1,D,0
35.005,-118.3834,358.6,3.4,1.7,2011-09-05,2022,Aqua,MODIS,99,6.2,307.1,408.7,D,0
35.0202,-118.388,348.5,3.4,1.7,2011-09-05,2022,Aqua,MODIS,93,6.2,304.9,270.5,D,0
35.0219,-118.4344,366.8,3.4,1.7,2011-09-05,2022,Aqua,MODIS,100,6.2,305.0,576.2,D,0
35.0122,-118.4214,368.8,3.4,1.7,2011-09-05,2022,Aqua,MODIS,100,6.2,302.8,598.3,D,0
35.0269,-118.4284,367.7,3.4,1.7,2011-09-05,2022,Aqua,MODIS,100,6.2,304.1,585.3,D,0
34.9651,-118.3394,322.3,1.2,1.1,2011-09-06,547,Terra,MODIS,100,6.2,297.4,24.2,N,0
34.9629,-118.3519,342.0,1.2,1.1,2011-09-06,547,Terra,MODIS,100,6.2,296.6,57.7,N,0
34.9608,-118.3645,344.4,1.2,1.1,2011-09-06,547,Terra,MODIS,100,6.2,296.5,64.0,N,0
34.9747,-118.3417,332.7,1.2,1.1,2011-09-06,547,Terra,MODIS,100,6.2,299.9,38.9,N,0
34.9725,-118.3541,333.2,1.2,1.1,2011-09-06,547,Terra,MODIS,100,6.2,299.1,37.5,N,0
34.9843,-118.3439,326.9,1.2,1.1,2011-09-06,547,Terra,MODIS,100,6.2,298.6,29.5,N,0
34.9822,-118.3563,362.4,1.2,1.1,2011-09-06,547,Terra,MODIS,100,6.2,303.3,113.9,N,0
34.98,-118.3688,344.8,1.2,1.1,2011-09-06,547,Terra,MODIS,100,6.2,298.6,62.7,N,0
34.9939,-118.3461,341.4,1.2,1.1,2011-09-06,547,Terra,MODIS,100,6.2,300.3,56.8,N,0
34.9918,-118.3584,345.7,1.2,1.1,2011-09-06,547,Terra,MODIS,100,6.2,300.3,64.0,N,0
34.9897,-118.3707,338.0,1.2,1.1,2011-09-06,547,Terra,MODIS,100,6.2,297.4,48.0,N,0
35.0035,-118.3484,363.8,1.2,1.1,2011-09-06,547,Terra,MODIS,100,6.2,300.2,123.6,N,0
35.0014,-118.3604,356.3,1.2,1.1,2011-09-06,547,Terra,MODIS,100,6.2,300.1,96.0,N,0
34.9993,-118.3728,338.4,1.2,1.1,2011-09-06,547,Terra,MODIS,100,6.2,295.1,49.7,N,0
35.0122,-118.4143,315.1,1.2,1.1,2011-09-06,547,Terra,MODIS,91,6.2,291.9,16.8,N,0
35.0238,-118.405,315.5,1.2,1.1,2011-09-06,547,Terra,MODIS,91,6.2,291.5,16.5,N,0
35.0093,-118.3531,321.2,1.2,1.1,2011-09-06,1002,Aqua,MODIS,100,6.2,292.4,23.2,N,0
39.608,-121.9702,360.0,1.5,1.2,2011-09-08,2054,Aqua,MODIS,100,6.2,310.2,132.1,D,0
39.6112,-121.9535,344.2,1.5,1.2,2011-09-08,2054,Aqua,MODIS,92,6.2,312.9,69.1,D,0
41.993,-121.35,355.0,1.8,1.3,2011-09-09,2137,Aqua,MODIS,92,6.2,305.2,138.7,D,0
35.53,-118.9522,347.0,1.2,1.1,2011-09-10,1903,Terra,MODIS,93,6.2,309.6,48.9,D,0
35.0868,-118.7304,362.2,1.3,1.1,2011-09-10,1903,Terra,MODIS,100,6.2,307.0,116.1,D,0
35.0993,-118.7414,344.1,1.3,1.1,2011-09-10,1903,Terra,MODIS,92,6.2,304.1,55.8,D,0
35.0769,-118.7333,345.3,1.3,1.1,2011-09-10,1903,Terra,MODIS,93,6.2,301.5,56.3,D,0
35.5597,-118.8887,362.8,1.3,1.1,2011-09-10,1903,Terra,MODIS,94,6.2,311.4,108.9,D,0
35.5573,-118.8754,374.2,1.3,1.1,2011-09-10,1903,Terra,MODIS,100,6.2,311.7,162.5,D,0
35.5671,-118.8726,357.0,1.3,1.1,2011-09-10,1903,Terra,MODIS,98,6.2,305.1,90.8,D,0
35.5475,-118.878,360.8,1.3,1.1,2011-09-10,1903,Terra,MODIS,100,6.2,309.9,101.3,D,0
35.5276,-118.9388,355.9,1.3,1.1,2011-09-10,1903,Terra,MODIS,98,6.2,309.8,74.5,D,0
35.3977,-118.6851,344.6,3.0,1.7,2011-09-11,1808,Terra,MODIS,91,6.2,299.6,193.0,D,0
35.4072,-118.6988,355.5,1.4,1.2,2011-09-11,2123,Aqua,MODIS,97,6.2,309.6,87.6,D,0
34.7936,-118.9251,354.5,1.3,1.1,2011-09-11,2123,Aqua,MODIS,97,6.2,298.7,96.3,D,0
35.4294,-118.6887,371.4,1.4,1.2,2011-09-11,2123,Aqua,MODIS,100,6.2,307.6,172.9,D,0
35.385,-118.7103,347.5,1.4,1.2,2011-09-11,2123,Aqua,MODIS,91,6.2,306.7,65.0,D,0
35.373,-118.7237,353.4,1.4,1.2,2011-09-11,2123,Aqua,MODIS,96,6.2,308.0,83.4,D,0
35.4191,-118.6862,350.5,1.4,1.2,2011-09-11,2123,Aqua,MODIS,94,6.2,302.6,79.2,D,0
32.7448,-114.6587,328.3,1.0,1.0,2011-09-13,552,Terra,MODIS,100,6.2,297.9,26.3,N,0
32.7462,-114.6477,320.0,1.0,1.0,2011-09-13,552,Terra,MODIS,100,6.2,297.4,16.6,N,0
37.0988,-118.3106,327.4,2.9,1.6,2011-09-14,636,Terra,MODIS,100,6.2,285.6,135.2,N,0
37.144,-118.3161,320.6,2.9,1.6,2011-09-14,636,Terra,MODIS,100,6.2,285.4,98.9,N,0
37.102,-118.2789,328.0,2.9,1.6,2011-09-14,636,Terra,MODIS,100,6.2,286.3,137.0,N,0
37.1449,-118.3231,318.9,2.9,1.6,2011-09-14,636,Terra,MODIS,98,6.2,285.1,92.9,N,0
37.0998,-118.3169,319.3,2.9,1.6,2011-09-14,636,Terra,MODIS,98,6.2,284.7,94.2,N,0
37.1014,-118.272,320.2,2.9,1.6,2011-09-14,636,Terra,MODIS,100,6.2,285.5,96.3,N,0
37.1451,-118.2892,344.9,1.1,1.0,2011-09-14,1838,Terra,MODIS,92,6.2,311.1,41.3,D,0
37.1467,-118.3013,386.8,1.1,1.0,2011-09-14,1838,Terra,MODIS,100,6.2,316.8,191.5,D,0
38.77,-121.5301,341.1,1.0,1.0,2011-09-17,1908,Terra,MODIS,91,6.2,300.4,42.5,D,0
34.5696,-118.332,392.1,1.7,1.3,2011-09-17,1909,Terra,MODIS,100,6.2,298.9,447.7,D,0
34.5661,-118.3144,352.6,1.7,1.3,2011-09-17,1909,Terra,MODIS,96,6.2,297.5,132.7,D,0
34.5581,-118.3342,436.4,1.7,1.3,2011-09-17,1909,Terra,MODIS,100,6.2,311.1,1202.9,D,0
34.5543,-118.3153,383.2,1.7,1.3,2011-09-17,1909,Terra,MODIS,100,6.2,302.3,350.9,D,0
34.5502,-118.3351,368.4,1.4,1.2,2011-09-17,2046,Aqua,MODIS,100,6.2,313.4,171.7,D,0
34.5579,-118.3275,380.9,1.4,1.2,2011-09-17,2046,Aqua,MODIS,100,6.2,313.9,249.0,D,0
34.5552,-118.342,425.1,1.4,1.2,2011-09-17,2046,Aqua,MODIS,100,6.2,318.9,730.5,D,0
34.5658,-118.3439,361.5,1.4,1.2,2011-09-17,2046,Aqua,MODIS,100,6.2,299.3,141.0,D,0
40.2346,-123.3276,348.6,1.9,1.4,2011-09-23,2149,Aqua,MODIS,94,6.2,308.8,137.8,D,0
40.2469,-123.328,371.1,1.9,1.4,2011-09-23,2149,Aqua,MODIS,100,6.2,313.0,298.5,D,0
40.2365,-123.3036,349.6,1.9,1.4,2011-09-23,2149,Aqua,MODIS,94,6.2,306.2,145.7,D,0
40.2487,-123.3055,364.1,1.9,1.4,2011-09-23,2149,Aqua,MODIS,100,6.2,306.0,243.4,D,0
35.775,-119.0074,353.7,1.9,1.3,2011-09-24,535,Terra,MODIS,100,6.2,294.6,170.4,N,0
35.7709,-119.0274,332.4,1.9,1.3,2011-09-24,535,Terra,MODIS,100,6.2,290.2,75.3,N,0
35.7884,-118.8197,325.6,1.8,1.3,2011-09-24,535,Terra,MODIS,100,6.2,293.2,55.4,N,0
35.778,-118.8319,334.5,1.8,1.3,2011-09-24,535,Terra,MODIS,100,6.2,293.6,82.6,N,0
35.7843,-118.84,328.6,1.8,1.3,2011-09-24,535,Terra,MODIS,100,6.2,293.8,63.4,N,0
35.383,-118.2492,322.3,1.0,1.0,2011-09-24,950,Aqua,MODIS,100,6.2,290.9,21.6,N,0
35.3741,-118.2511,315.3,1.0,1.0,2011-09-24,950,Aqua,MODIS,91,6.2,290.6,14.9,N,0
33.8431,-116.3722,331.2,1.1,1.0,2011-09-24,950,Aqua,MODIS,100,6.2,298.6,31.5,N,0
37.763,-119.7357,356.6,1.2,1.1,2011-09-24,2053,Aqua,MODIS,98,6.2,299.5,101.2,D,0
37.7727,-119.7384,349.6,1.2,1.1,2011-09-24,2053,Aqua,MODIS,95,6.2,297.2,79.9,D,0
33.8609,-116.5902,320.0,1.7,1.3,2011-09-25,617,Terra,MODIS,99,6.2,296.7,37.4,N,0
40.2778,-123.285,331.1,1.0,1.0,2011-09-25,619,Terra,MODIS,100,6.2,282.0,33.8,N,0
37.0578,-120.4497,353.2,1.1,1.0,2011-09-26,1902,Terra,MODIS,97,6.2,299.8,66.8,D,0
38.7616,-120.1899,318.8,1.1,1.0,2011-09-29,554,Terra,MODIS,97,6.2,288.1,21.5,N,0
37.7719,-119.7253,319.4,1.1,1.0,2011-09-29,554,Terra,MODIS,99,6.2,284.7,22.1,N,0
37.7699,-119.7378,331.4,1.1,1.0,2011-09-29,554,Terra,MODIS,100,6.2,286.1,37.1,N,0
37.779,-119.7402,327.0,1.1,1.0,2011-09-29,554,Terra,MODIS,100,6.2,285.3,31.0,N,0
37.775,-119.7327,317.9,1.1,1.0,2011-09-29,1008,Aqua,MODIS,96,6.2,283.4,20.7,N,0
37.7753,-119.7323,406.5,1.0,1.0,2011-09-29,2112,Aqua,MODIS,100,6.2,291.0,298.3,D,0
37.7737,-119.7437,367.1,1.0,1.0,2011-09-29,2112,Aqua,MODIS,100,6.2,286.2,106.9,D,0
39.4698,-121.8249,347.1,1.0,1.0,2011-09-29,2112,Aqua,MODIS,93,6.2,304.8,49.9,D,0
41.4518,-122.8505,361.1,1.0,1.0,2011-09-29,2113,Aqua,MODIS,100,6.2,309.7,78.9,D,0
41.45,-122.8624,349.8,1.0,1.0,2011-09-29,2113,Aqua,MODIS,95,6.2,310.4,51.5,D,0
41.4429,-122.848,362.2,1.0,1.0,2011-09-29,2113,Aqua,MODIS,100,6.2,314.6,82.7,D,0
41.4411,-122.86,341.7,1.0,1.0,2011-09-29,2113,Aqua,MODIS,91,6.2,310.9,35.7,D,0
37.7806,-119.7167,322.1,2.4,1.5,2011-09-30,637,Terra,MODIS,100,6.2,286.2,79.1,N,0
37.7789,-119.7412,331.4,2.4,1.5,2011-09-30,637,Terra,MODIS,100,6.2,288.6,116.8,N,0
41.1745,-123.6176,328.4,1.5,1.2,2011-09-30,638,Terra,MODIS,100,6.2,287.5,52.2,N,0
41.1636,-123.6151,327.6,1.5,1.2,2011-09-30,638,Terra,MODIS,100,6.2,288.9,50.3,N,0
37.7818,-119.7269,342.8,1.3,1.1,2011-09-30,1838,Terra,MODIS,91,6.2,300.4,64.1,D,0
37.7726,-119.733,359.8,3.8,1.8,2011-09-30,2155,Aqua,MODIS,99,6.2,297.7,581.6,D,0
37.7779,-119.7372,366.4,3.8,1.8,2011-09-30,2155,Aqua,MODIS,100,6.2,297.7,711.6,D,0
37.7852,-119.7284,333.7,1.5,1.2,2011-10-01,542,Terra,MODIS,100,6.2,287.0,65.1,N,0
37.7819,-119.7454,318.5,1.5,1.2,2011-10-01,542,Terra,MODIS,97,6.2,285.1,33.3,N,0
37.7902,-119.7296,339.7,1.0,1.0,2011-10-01,956,Aqua,MODIS,100,6.2,288.1,45.6,N,0
33.0607,-116.5056,349.3,1.0,1.0,2011-10-01,2058,Aqua,MODIS,92,6.2,309.3,46.6,D,0
33.0695,-116.5075,481.9,1.0,1.0,2011-10-01,2058,Aqua,MODIS,100,6.2,400.1,1207.2,D,0
36.317,-118.8491,349.5,1.1,1.0,2011-10-01,2059,Aqua,MODIS,94,6.2,299.0,60.5,D,0
33.058,-116.4859,347.9,2.2,1.4,2011-10-02,623,Terra,MODIS,100,6.2,288.9,179.1,N,0
33.0561,-116.508,355.2,2.2,1.4,2011-10-02,623,Terra,MODIS,100,6.2,293.3,228.0,N,0
33.0691,-116.5067,319.0,2.2,1.4,2011-10-02,623,Terra,MODIS,98,6.2,290.8,52.8,N,0
33.0637,-116.4925,315.5,3.3,1.7,2011-10-02,902,Aqua,MODIS,91,6.2,290.1,80.1,N,0
36.5577,-118.7558,345.8,1.6,1.2,2011-10-02,1826,Terra,MODIS,93,6.2,294.9,103.3,D,0
36.5572,-118.7489,346.9,1.6,1.2,2011-10-02,1826,Terra,MODIS,93,6.2,294.7,107.7,D,0
39.6191,-122.149,376.7,1.1,1.0,2011-10-08,2106,Aqua,MODIS,100,6.2,305.9,154.3,D,0
39.6283,-122.1516,343.5,1.1,1.0,2011-10-08,2106,Aqua,MODIS,93,6.2,303.6,49.9,D,0
41.5592,-121.3649,320.2,1.0,1.0,2011-10-13,607,Terra,MODIS,100,6.2,280.2,22.6,N,0
41.5654,-121.3703,378.2,1.2,1.1,2011-10-13,2125,Aqua,MODIS,100,6.2,302.5,187.4,D,0
41.567,-121.3558,347.7,1.2,1.1,2011-10-13,2125,Aqua,MODIS,95,6.2,298.4,69.1,D,0
39.5111,-120.2101,357.0,1.3,1.1,2011-10-13,2125,Aqua,MODIS,98,6.2,297.1,110.1,D,0
41.5654,-121.3509,338.6,1.2,1.1,2011-10-14,1849,Terra,MODIS,91,6.2,297.6,49.0,D,0
38.8723,-120.0568,344.1,1.0,1.0,2011-10-15,2112,Aqua,MODIS,93,6.2,298.3,48.6,D,0
41.5604,-121.3505,341.4,1.0,1.0,2011-10-15,2113,Aqua,MODIS,92,6.2,275.5,47.7,D,0
40.8055,-123.8065,344.8,1.4,1.2,2011-10-17,2101,Aqua,MODIS,94,6.2,295.8,86.3,D,0
37.1912,-121.5411,341.9,1.8,1.3,2011-10-18,2142,Aqua,MODIS,91,6.2,302.5,97.6,D,0
41.3715,-123.1953,340.6,1.0,1.0,2011-10-19,1908,Terra,MODIS,92,6.2,290.4,45.3,D,0
37.8596,-118.8664,364.4,1.4,1.2,2011-10-19,1908,Terra,MODIS,100,6.2,298.9,155.1,D,0
37.8547,-118.8677,364.7,1.3,1.1,2011-10-19,2047,Aqua,MODIS,100,6.2,298.9,146.6,D,0
37.8447,-118.8644,378.1,1.3,1.1,2011-10-19,2047,Aqua,MODIS,100,6.2,299.2,217.9,D,0
39.6271,-122.1434,358.9,1.8,1.3,2011-10-19,2048,Aqua,MODIS,99,6.2,298.6,190.2,D,0
37.7817,-118.9947,361.0,1.7,1.3,2011-10-20,2130,Aqua,MODIS,100,6.2,303.9,192.6,D,0
38.5421,-120.4102,342.8,1.0,1.0,2011-10-24,2106,Aqua,MODIS,93,6.2,291.7,49.6,D,0
38.5477,-120.395,357.0,1.3,1.1,2011-10-26,1914,Terra,MODIS,98,6.2,287.8,123.3,D,0
41.9766,-120.8768,367.0,1.2,1.1,2011-10-26,2054,Aqua,MODIS,100,6.2,292.5,137.0,D,0
38.5491,-120.3941,359.8,1.3,1.1,2011-10-26,2054,Aqua,MODIS,99,6.2,288.7,124.3,D,0
41.9738,-120.8735,348.9,1.9,1.3,2011-10-27,2137,Aqua,MODIS,95,6.2,291.5,151.2,D,0
39.1258,-122.1438,339.0,1.0,1.0,2011-10-28,1902,Terra,MODIS,91,6.2,298.8,38.1,D,0
36.6878,-121.5405,369.2,1.1,1.0,2011-10-29,2124,Aqua,MODIS,100,6.2,306.5,117.5,D,0
36.6863,-121.5521,341.5,1.1,1.0,2011-10-29,2124,Aqua,MODIS,91,6.2,303.2,43.0,D,0
36.782,-118.6413,347.0,1.4,1.2,2011-10-29,2124,Aqua,MODIS,94,6.2,297.2,94.4,D,0
40.9482,-120.5281,342.4,1.3,1.1,2011-10-29,2125,Aqua,MODIS,92,6.2,294.1,64.3,D,0
40.9465,-120.5433,353.0,1.3,1.1,2011-10-29,2125,Aqua,MODIS,97,6.2,295.9,95.5,D,0
36.7896,-118.6535,385.8,1.0,1.0,2011-10-30,1850,Terra,MODIS,100,6.2,301.7,178.9,D,0
38.2486,-120.25,342.1,1.0,1.0,2011-10-31,2112,Aqua,MODIS,92,6.2,290.5,47.9,D,0
38.1833,-120.1942,350.1,1.0,1.0,2011-10-31,2112,Aqua,MODIS,96,6.2,303.0,62.6,D,0
39.6796,-120.477,340.6,1.5,1.2,2011-11-02,1920,Terra,MODIS,92,6.2,282.8,89.1,D,0
40.8099,-121.2828,362.6,1.3,1.1,2011-11-02,1920,Terra,MODIS,100,6.2,292.8,140.8,D,0
36.6794,-121.4998,347.5,1.3,1.1,2011-11-02,2059,Aqua,MODIS,94,6.2,301.2,78.6,D,0
37.2481,-120.7983,342.1,1.2,1.1,2011-11-02,2059,Aqua,MODIS,92,6.2,299.1,54.7,D,0
38.6209,-121.9266,347.8,1.3,1.1,2011-11-02,2100,Aqua,MODIS,95,6.2,302.0,75.0,D,0
39.5043,-121.1957,339.6,1.2,1.1,2011-11-02,2100,Aqua,MODIS,92,6.2,292.0,53.4,D,0
38.8686,-120.0527,362.3,1.1,1.0,2011-11-02,2100,Aqua,MODIS,100,6.2,293.3,103.7,D,0
40.8005,-121.2886,353.3,1.1,1.1,2011-11-02,2100,Aqua,MODIS,97,6.2,295.8,82.8,D,0
40.7008,-121.1587,359.8,1.1,1.0,2011-11-02,2100,Aqua,MODIS,99,6.2,291.6,100.6,D,0
40.8027,-121.2757,338.3,1.1,1.1,2011-11-02,2100,Aqua,MODIS,91,6.2,291.4,48.6,D,0
39.6797,-120.478,346.9,1.1,1.0,2011-11-02,2100,Aqua,MODIS,95,6.2,283.4,66.2,D,0
41.3206,-121.6886,349.3,1.1,1.1,2011-11-02,2101,Aqua,MODIS,96,6.2,288.9,74.6,D,0
36.6822,-121.4642,335.6,1.2,1.1,2011-11-03,624,Terra,MODIS,100,6.2,285.8,52.4,N,0
36.6807,-121.4773,351.5,1.2,1.1,2011-11-03,624,Terra,MODIS,100,6.2,288.9,91.3,N,0
39.5029,-122.219,352.0,1.0,1.0,2011-11-04,1908,Terra,MODIS,97,6.2,290.6,67.1,D,0
39.3711,-121.1582,351.0,1.6,1.3,2011-11-04,2048,Aqua,MODIS,96,6.2,281.2,134.4,D,0
40.5609,-123.0118,367.1,1.9,1.4,2011-11-04,2048,Aqua,MODIS,100,6.2,277.1,293.5,D,0
40.6693,-123.0619,337.7,1.9,1.4,2011-11-04,2048,Aqua,MODIS,91,6.2,278.2,116.3,D,0
39.4541,-121.2109,345.8,1.0,1.0,2011-11-07,2118,Aqua,MODIS,94,6.2,282.1,60.2,D,0
40.1181,-121.6175,340.5,1.0,1.0,2011-11-07,2119,Aqua,MODIS,92,6.2,281.0,50.0,D,0
40.9369,-122.1816,341.2,1.0,1.0,2011-11-07,2119,Aqua,MODIS,92,6.2,282.4,48.1,D,0
39.2642,-122.2319,353.0,1.1,1.0,2011-11-14,2124,Aqua,MODIS,97,6.2,294.8,73.0,D,0
38.8028,-120.3596,345.2,1.2,1.1,2011-11-14,2124,Aqua,MODIS,94,6.2,284.9,72.5,D,0
39.2626,-122.2441,345.8,1.1,1.0,2011-11-14,2124,Aqua,MODIS,94,6.2,296.2,56.4,D,0
39.2918,-122.2377,343.3,1.1,1.0,2011-11-14,2124,Aqua,MODIS,93,6.2,294.7,51.9,D,0
40.7825,-123.8389,344.9,1.0,1.0,2011-11-14,2125,Aqua,MODIS,94,6.2,287.3,55.8,D,0
40.7841,-123.8271,367.5,1.0,1.0,2011-11-14,2125,Aqua,MODIS,100,6.2,287.9,113.1,D,0
40.3912,-123.7048,348.1,1.5,1.2,2011-11-15,1849,Terra,MODIS,95,6.2,281.6,114.0,D,0
35.5032,-118.3479,349.5,2.6,1.6,2011-11-15,2028,Aqua,MODIS,95,6.2,284.3,261.9,D,0
35.4623,-118.3685,373.5,1.0,1.0,2011-11-16,2111,Aqua,MODIS,100,6.2,288.2,136.9,D,0
35.4593,-118.3913,368.7,1.0,1.0,2011-11-16,2111,Aqua,MODIS,100,6.2,286.2,118.5,D,0
35.4578,-118.4024,345.2,1.0,1.0,2011-11-16,2111,Aqua,MODIS,93,6.2,288.1,54.7,D,0
38.9035,-121.7688,342.8,1.0,1.0,2011-11-16,2112,Aqua,MODIS,93,6.2,297.4,45.4,D,0
39.5918,-121.1688,338.6,1.0,1.0,2011-11-16,2112,Aqua,MODIS,91,6.2,287.1,43.4,D,0
39.76,-121.0915,347.7,1.0,1.0,2011-11-16,2112,Aqua,MODIS,95,6.2,284.2,60.8,D,0
38.6994,-120.2312,362.3,1.0,1.0,2011-11-16,2112,Aqua,MODIS,100,6.2,286.1,94.3,D,0
38.6978,-120.2426,349.4,1.0,1.0,2011-11-16,2112,Aqua,MODIS,95,6.2,285.9,61.3,D,0
39.1778,-121.7244,349.3,1.0,1.0,2011-11-16,2112,Aqua,MODIS,96,6.2,293.4,59.7,D,0
39.176,-121.7359,356.5,1.0,1.0,2011-11-16,2112,Aqua,MODIS,98,6.2,297.0,76.2,D,0
40.7352,-122.8646,352.3,1.0,1.0,2011-11-16,2113,Aqua,MODIS,97,6.2,286.8,71.5,D,0
38.7634,-120.4557,357.9,1.4,1.2,2011-11-17,1837,Terra,MODIS,99,6.2,284.4,139.3,D,0
35.4794,-118.4149,362.8,1.1,1.0,2011-11-17,1838,Terra,MODIS,100,6.2,285.1,105.6,D,0
35.4702,-118.4172,339.4,1.1,1.0,2011-11-17,1838,Terra,MODIS,91,6.2,285.9,48.3,D,0
35.4809,-118.4268,351.2,1.1,1.0,2011-11-17,1838,Terra,MODIS,96,6.2,286.2,72.9,D,0
35.4462,-118.3987,341.3,4.4,1.9,2011-11-17,2154,Aqua,MODIS,92,6.2,283.2,399.3,D,0
38.351,-120.3317,318.0,1.6,1.2,2011-11-18,542,Terra,MODIS,96,6.2,277.6,38.7,N,0
38.3686,-120.2994,320.7,1.6,1.2,2011-11-18,542,Terra,MODIS,100,6.2,276.9,43.3,N,0
38.3653,-120.3168,326.5,1.6,1.2,2011-11-18,542,Terra,MODIS,100,6.2,277.6,54.1,N,0
38.3619,-120.3341,317.3,1.6,1.2,2011-11-18,542,Terra,MODIS,95,6.2,276.8,36.5,N,0
39.2435,-122.2518,355.5,1.2,1.1,2011-11-18,1920,Terra,MODIS,98,6.2,290.9,104.1,D,0
38.3459,-120.3294,362.0,1.0,1.0,2011-12-01,1850,Terra,MODIS,100,6.2,282.9,99.5,D,0
38.6558,-120.5159,348.9,1.1,1.0,2011-12-01,1850,Terra,MODIS,95,6.2,281.7,69.7,D,0
38.4732,-120.3415,321.3,1.1,1.1,2011-12-02,554,Terra,MODIS,100,6.2,278.4,27.4,N,0
38.4827,-120.343,327.1,1.1,1.1,2011-12-02,554,Terra,MODIS,100,6.2,275.2,34.9,N,0
38.3471,-120.3328,337.1,1.1,1.1,2011-12-02,554,Terra,MODIS,100,6.2,276.1,50.7,N,0
37.9542,-119.9963,331.4,1.1,1.0,2011-12-02,554,Terra,MODIS,100,6.2,277.3,40.9,N,0
38.3388,-121.5299,339.1,1.9,1.3,2011-12-05,2143,Aqua,MODIS,91,6.2,290.9,109.1,D,0
35.8911,-121.1766,352.4,1.0,1.0,2011-12-09,2117,Aqua,MODIS,97,6.2,295.5,67.3,D,0
39.1119,-121.865,349.1,1.1,1.0,2011-12-16,2124,Aqua,MODIS,96,6.2,292.4,68.5,D,0
39.4876,-122.2382,363.3,1.0,1.0,2011-12-31,1902,Terra,MODIS,100,6.2,287.7,97.6,D,0
